index,split,sepal_length,sepal_width,petal_length,petal_width,true_class,pred_class,packed_hex,x0_q,x1_q,x2_q,x3_q,score0,score1,score2
0,validation,5.1,3.5,1.4,0.2,0,0,d6d520e4,-28,32,-43,-42,18060,3368,-24271
1,train,4.9,3.0,1.4,0.2,0,0,d6d5fcdc,-36,-4,-43,-42,15602,4845,-23285
2,train,4.7,3.2,1.3,0.2,0,0,d6d40bd5,-43,11,-44,-42,17531,3830,-24198
3,train,4.6,3.1,1.5,0.2,0,0,d6d703d1,-47,3,-41,-42,16800,4255,-23891
4,test,5.0,3.6,1.4,0.2,0,0,d6d528e0,-32,40,-43,-42,19058,2857,-24757
5,train,5.4,3.9,1.7,0.4,0,0,dfdb3eef,-17,62,-37,-33,18192,3238,-24275
6,train,4.6,3.4,1.4,0.3,0,0,dad519d1,-47,25,-43,-38,18462,3326,-24625
7,test,5.0,3.4,1.5,0.2,0,0,d6d719e0,-32,25,-41,-42,17529,3714,-24084
8,train,4.4,2.9,1.4,0.2,0,0,d6d5f5ca,-54,-11,-43,-42,16402,4529,-23765
9,train,4.9,3.1,1.5,0.1,0,0,d2d703dc,-36,3,-41,-46,16399,4355,-23594
10,train,5.4,3.7,1.5,0.2,0,0,d6d72fef,-17,47,-41,-42,18258,3173,-24277
11,train,4.8,3.4,1.6,0.2,0,0,d6d919d9,-39,25,-39,-42,17862,3563,-24265
12,train,4.8,3.0,1.4,0.1,0,0,d2d5fcd9,-39,-4,-43,-46,16267,4485,-23590
13,validation,4.3,3.0,1.1,0.1,0,0,d2d0fcc6,-58,-4,-48,-46,18264,3521,-24619
14,test,5.8,4.0,1.2,0.2,0,0,d6d245fe,-2,69,-46,-42,19519,2344,-24714
15,test,5.7,4.4,1.5,0.4,0,0,dfd762fa,-6,98,-41,-33,20783,1689,-25322
16,train,5.4,3.9,1.3,0.4,0,0,dfd43eef,-17,62,-44,-33,18990,2806,-24641
17,train,5.1,3.5,1.4,0.3,0,0,dad520e4,-28,32,-43,-38,17662,3642,-24145
18,train,5.7,3.8,1.7,0.3,0,0,dadb36fa,-6,54,-37,-38,17193,3691,-23732
19,train,5.1,3.8,1.5,0.3,0,0,dad736e4,-28,54,-41,-38,19257,2720,-24820
20,validation,5.4,3.4,1.7,0.2,0,0,d6db19ef,-17,25,-37,-42,15931,4462,-23238
21,train,5.1,3.7,1.5,0.4,0,0,dfd72fe4,-28,47,-41,-33,18194,3354,-24389
22,train,4.6,3.6,1.0,0.2,0,0,d6ce28d1,-47,40,-50,-42,20988,1900,-25727
23,test,5.1,3.3,1.7,0.5,0,0,e3db12e4,-28,18,-37,-29,14742,5103,-22686
24,validation,4.8,3.4,1.9,0.2,0,0,d6de19d9,-39,25,-34,-42,17197,3923,-23960
25,train,5.0,3.0,1.6,0.2,0,0,d6d9fce0,-32,-4,-39,-42,14870,5212,-22921
26,test,5.0,3.4,1.6,0.4,0,0,dfd919e0,-32,25,-39,-33,16466,4348,-23653
27,train,5.2,3.5,1.5,0.2,0,0,d6d720e7,-25,32,-41,-42,17528,3656,-24027
28,test,5.2,3.4,1.4,0.2,0,0,d6d519e7,-25,25,-43,-42,17196,3865,-23903
29,train,4.7,3.2,1.6,0.2,0,0,d6d90bd5,-43,11,-39,-42,16932,4125,-23895
30,train,4.8,3.1,1.6,0.2,0,0,d6d903d9,-39,3,-39,-42,16001,4629,-23468
31,test,5.4,3.4,1.5,0.4,0,0,dfd719ef,-17,25,-41,-33,15467,4801,-23110
32,train,5.2,4.1,1.5,0.1,0,0,d2d74ce7,-25,76,-41,-46,21649,1308,-25804
33,validation,5.5,4.2,1.4,0.2,0,0,d6d554f2,-14,84,-43,-42,21382,1394,-25625
34,test,4.9,3.1,1.5,0.2,0,0,d6d703dc,-36,3,-41,-42,16001,4629,-23468
35,train,5.0,3.2,1.2,0.2,0,0,d6d20be0,-32,11,-46,-42,16931,4067,-23838
36,train,5.5,3.5,1.3,0.2,0,0,d6d420f2,-14,32,-44,-42,17128,3814,-23787
37,test,4.9,3.6,1.4,0.1,0,0,d2d528dc,-36,40,-43,-46,19723,2497,-25062
38,train,4.4,3.0,1.3,0.2,0,0,d6d4fcca,-54,-4,-44,-42,17067,4169,-24070
39,test,5.1,3.4,1.5,0.2,0,0,d6d719e4,-28,25,-41,-42,17196,3865,-23903
40,test,5.0,3.5,1.3,0.3,0,0,dad420e0,-32,32,-44,-38,18061,3426,-24328
41,test,4.5,2.3,1.3,0.3,0,0,dad4c9ce,-50,-55,-44,-38,10783,6235,-19869
42,test,4.4,3.2,1.3,0.2,0,0,d6d40bca,-54,11,-44,-42,18330,3456,-24621
43,train,5.0,3.5,1.6,0.6,0,0,e7d920e0,-32,32,-39,-25,16267,4485,-23590
44,train,5.1,3.8,1.9,0.4,0,0,dfde36e4,-28,54,-34,-33,17994,3433,-24269
45,train,4.8,3.0,1.4,0.3,0,0,dad5fcd9,-39,-4,-43,-38,15470,4975,-23281
46,train,5.1,3.8,1.6,0.2,0,0,d6d936e4,-28,54,-39,-42,19456,2583,-24883
47,train,4.6,3.2,1.4,0.2,0,0,d6d50bd1,-47,11,-43,-42,17731,3751,-24318
48,train,5.3,3.7,1.5,0.2,0,0,d6d72feb,-21,47,-41,-42,18591,3022,-24458
49,test,5.0,3.3,1.4,0.2,0,0,d6d512e0,-32,18,-43,-42,17197,3923,-23960
50,test,7.0,3.2,4.7,1.4,1,1,09110b2a,42,11,17,9,-8102,8917,-3790
51,train,6.4,3.2,4.5,1.5,1,1,0d0d0b14,20,11,13,13,-6899,8774,-4834
52,train,6.9,3.1,4.9,1.5,1,1,0d140326,38,3,20,13,-9440,7060,-639
53,train,5.5,2.3,4.0,1.3,1,1,0504c9f2,-14,-55,4,5,-8114,6066,-965
54,train,6.5,2.8,4.6,1.5,1,1,0d0fed17,23,-19,15,13,-9582,5934,611
55,test,5.7,2.8,4.5,1.3,1,1,050dedfa,-6,-19,13,5,-7296,7488,-3171
56,train,6.3,3.3,4.7,1.6,1,1,11111210,16,18,17,17,-7293,8163,-3841
57,test,4.9,2.4,3.3,1.0,1,1,f8f8d0dc,-36,-48,-8,-8,-1932,7711,-8707
58,test,6.6,2.9,4.6,1.3,1,1,050ff51b,27,-11,15,5,-8362,8455,-3076
59,validation,5.2,2.7,3.9,1.4,1,1,0902e6e7,-25,-26,2,9,-4963,8008,-5993
60,train,5.0,2.0,3.5,1.0,1,1,f8fbb3e0,-32,-77,-5,-8,-6228,8599,-5320
61,test,5.9,3.0,4.2,1.5,1,1,0d08fc01,1,-4,8,13,-6163,8482,-5273
62,train,6.0,2.2,4.0,1.0,1,1,f804c105,5,-63,4,-8,-8167,8394,-3209
63,train,6.1,2.9,4.7,1.4,1,1,0911f509,9,-11,17,9,-8437,6670,-1241
64,train,5.6,2.9,3.6,1.3,1,1,05fdf5f6,-10,-11,-3,5,-2535,7931,-8329
65,train,6.7,3.1,4.4,1.4,1,1,090b031f,31,3,11,9,-7241,9031,-4752
66,train,5.6,3.0,4.5,1.5,1,1,0d0dfcf6,-10,-4,13,13,-6499,6992,-3472
67,train,5.8,2.7,4.1,1.0,1,1,f806e6fe,-2,-26,6,-8,-4916,8411,-6442
68,test,6.2,2.2,4.5,1.5,1,2,0d0dc10c,12,-63,13,13,-11080,1527,6432
69,train,5.6,2.5,3.9,1.1,1,1,fc02d7f6,-10,-41,2,-4,-5771,8645,-5822
70,train,5.9,3.2,4.8,1.8,1,1,1a120b01,1,11,18,26,-8313,5068,217
71,validation,6.1,2.8,4.0,1.3,1,1,0504ed09,9,-19,4,5,-6308,8957,-5599
72,validation,6.3,2.5,4.9,1.5,1,2,0d14d710,16,-41,20,13,-11072,2015,5944
73,train,6.1,2.8,4.7,1.2,1,1,0011ed09,9,-19,17,0,-8094,7775,-2668
74,validation,6.4,2.9,4.3,1.3,1,1,0509f514,20,-11,9,5,-7103,8935,-4792
75,train,6.6,3.0,4.4,1.4,1,1,090bfc1b,27,-4,11,9,-7568,8902,-4301
76,test,6.8,2.8,4.8,1.4,1,1,0912ed22,34,-19,18,9,-9781,6077,666
77,train,6.7,3.0,5.0,1.7,1,1,1616fc1f,31,-4,22,22,-10528,3751,3696
78,train,6.0,2.9,4.5,1.5,1,1,0d0df505,5,-11,13,13,-7970,6988,-2015
79,train,5.7,2.6,3.5,1.0,1,1,f8fbdffa,-6,-33,-5,-8,-2941,8369,-8359
80,test,5.5,2.4,3.8,1.1,1,1,fc00d0f2,-14,-48,0,-4,-5902,8676,-5722
81,train,5.5,2.4,3.7,1.0,1,1,f8ffd0f2,-14,-48,-1,-8,-5045,8558,-6456
82,test,5.8,2.7,3.9,1.2,1,1,0002e6fe,-2,-26,2,0,-5181,8613,-6377
83,validation,6.0,2.7,5.1,1.6,1,2,1118e605,5,-26,24,17,-11338,1513,6702
84,test,5.4,3.0,4.5,1.5,1,1,0d0dfcef,-17,-4,13,13,-6034,6548,-3496
85,train,6.0,3.4,4.5,1.6,1,1,110d1905,5,25,13,17,-4839,7885,-6000
86,test,6.7,3.1,4.7,1.5,1,1,0d11031f,31,3,17,13,-8701,7757,-2054
87,test,6.3,2.3,4.4,1.3,1,1,050bc910,16,-55,11,5,-10126,4687,2376
88,test,5.6,3.0,4.1,1.3,1,1,0506fcf6,-10,-4,6,5,-3716,7780,-7009
89,test,5.5,2.5,4.0,1.3,1,1,0504d7f2,-14,-41,4,5,-7101,7590,-3465
90,train,5.5,2.6,4.4,1.2,1,1,000bdff2,-14,-33,11,0,-7162,7474,-3289
91,test,6.1,3.0,4.6,1.4,1,1,090ffc09,9,-4,15,9,-7562,7964,-3379
92,train,5.8,2.6,4.0,1.2,1,1,0004dffe,-2,-33,4,0,-6434,8807,-5325
93,train,5.0,2.3,3.3,1.0,1,1,f8f8c9e0,-32,-55,-8,-8,-2992,8048,-7988
94,train,5.6,2.7,4.2,1.3,1,1,0508e6f6,-10,-26,8,5,-6761,8026,-4230
95,train,5.7,3.0,4.2,1.2,1,1,0008fcfa,-6,-4,8,0,-3719,7763,-6991
96,train,5.7,2.9,4.2,1.3,1,1,0508f5fa,-6,-11,8,5,-5237,8159,-5874
97,train,6.2,2.9,4.3,1.3,1,1,0509f50c,12,-11,9,5,-6768,8900,-5087
98,train,5.1,2.5,3.0,1.1,1,1,fcf2d7e4,-28,-41,-14,-4,-1017,7849,-9752
99,train,5.7,2.8,4.1,1.3,1,1,0506edfa,-6,-19,6,5,-5767,8406,-5591
100,test,6.3,3.3,6.0,2.5,2,2,37281210,16,18,40,55,-13784,-6177,16696
101,validation,5.8,2.7,5.1,1.9,2,2,1e18e6fe,-2,-26,24,30,-12093,-1301,10220
102,train,7.1,3.0,5.9,2.1,2,2,2726fc2d,45,-4,38,39,-13171,-4163,14106
103,test,6.3,2.9,5.6,1.8,2,2,1a21f510,16,-11,33,26,-12284,-1159,10270
104,train,6.5,3.0,5.8,2.2,2,2,2b24fc17,23,-4,36,43,-13309,-4719,14790
105,test,7.6,3.0,6.6,2.1,2,2,2733fc40,64,-4,51,39,-14450,-7493,18652
106,validation,4.9,2.5,4.5,1.7,2,2,160dd7dc,-36,-41,13,22,-9407,1067,5240
107,train,7.3,2.9,6.3,1.8,2,2,1a2df535,53,-11,45,26,-13362,-4021,14156
108,train,6.7,2.5,5.8,1.8,2,2,1a24d71f,31,-41,36,26,-13508,-5065,15328
109,train,7.2,3.6,6.1,2.5,2,2,372a2831,49,40,42,55,-13035,-3729,13544
110,train,6.5,3.2,5.1,2.0,2,2,22180b17,23,11,24,34,-11005,2171,5724
111,train,6.4,2.7,5.3,1.9,2,2,1e1be614,20,-26,27,30,-12296,-1891,11002
112,train,6.8,3.0,5.5,2.1,2,2,271ffc22,34,-4,31,39,-12430,-2203,11442
113,train,5.7,2.5,5.0,2.0,2,2,2216d7fa,-6,-41,22,34,-12641,-3281,12712
114,train,5.8,2.8,5.1,2.4,2,2,3318edfe,-2,-19,24,51,-13120,-4983,14862
115,validation,6.4,3.2,5.3,2.3,2,2,2f1b0b14,20,11,27,47,-12095,-1423,10342
116,validation,6.5,3.0,5.5,1.8,2,2,1a1ffc17,23,-4,31,26,-11746,211,8388
117,train,7.7,3.8,6.7,2.2,2,2,2b343643,67,54,52,43,-12883,-2319,12006
118,train,7.7,2.6,6.9,2.3,2,2,2f38df43,67,-33,56,47,-16421,-13725,26740
119,train,6.0,2.2,5.0,1.5,2,2,0d16c105,5,-63,22,13,-12091,-1179,10098
120,train,6.9,3.2,5.7,2.3,2,2,2f230b26,38,11,35,47,-12836,-3383,13006
121,train,5.6,2.8,4.9,2.0,2,2,2214edf6,-10,-19,20,34,-11287,-448,8585
122,train,7.7,2.8,6.7,2.0,2,2,2234ed43,67,-19,52,34,-14722,-8361,19776
123,test,6.3,2.7,4.9,1.8,2,2,1a14e610,16,-26,20,26,-11348,903,7312
124,train,6.7,3.3,5.7,2.1,2,2,2723121f,31,18,35,39,-12154,-1091,10074
125,train,7.2,3.2,6.0,1.8,2,2,1a280b31,49,11,40,26,-12077,-325,9244
126,train,6.2,2.8,4.8,1.8,2,2,1a12ed0c,12,-19,18,26,-10940,2205,5626
127,test,6.1,3.0,4.9,1.8,2,2,1a14fc09,9,-4,20,26,-10130,3139,3908
128,test,6.4,2.8,5.6,2.1,2,2,2721ed14,20,-19,33,39,-13244,-4685,14692
129,train,7.2,3.0,5.8,1.6,2,2,1124fc31,49,-4,36,17,-11667,1099,7436
130,train,7.4,2.8,6.1,1.9,2,2,1e2aed38,56,-19,42,30,-13504,-4821,15084
131,train,7.9,3.8,6.4,2.0,2,2,222f364b,75,54,47,34,-11732,1065,7534
132,train,6.4,2.8,5.6,2.2,2,2,2b21ed14,20,-19,33,43,-13516,-5553,15816
133,train,6.3,2.8,5.1,1.5,2,2,0d18ed10,16,-19,24,13,-10794,3249,4454
134,train,6.1,2.6,5.6,1.4,2,2,0921df09,9,-33,33,9,-12075,-203,9122
135,test,7.7,3.0,6.1,2.3,2,2,2f2afc43,67,-4,42,47,-13920,-6611,17258
136,train,6.3,3.4,5.6,2.4,2,2,33211910,16,25,33,51,-12499,-2481,11784
137,test,6.4,3.1,5.5,1.8,2,2,1a1f0314,20,3,31,26,-11541,923,7484
138,test,6.0,3.0,4.8,1.8,2,1,1a12fc05,5,-4,18,26,-9594,3572,2953
139,train,6.9,3.1,5.4,2.1,2,2,271d0326,38,3,29,39,-11957,-867,9658
140,test,6.7,3.1,5.6,2.4,2,2,3321031f,31,3,33,51,-13179,-4651,14594
141,train,6.9,3.1,5.1,2.3,2,2,2f180326,38,3,24,47,-11896,-1077,9804
142,test,5.8,2.7,5.1,1.9,2,2,1e18e6fe,-2,-26,24,30,-12093,-1301,10220
143,test,6.8,3.2,5.9,2.3,2,2,2f260b22,34,11,38,47,-13173,-4285,14228
144,validation,6.7,3.3,5.7,2.5,2,2,3723121f,31,18,35,55,-13110,-4373,14252
145,train,6.7,3.0,5.2,2.3,2,2,2f1afc1f,31,-4,26,47,-12371,-2535,11710
146,train,6.3,2.5,5.0,1.9,2,2,1e16d710,16,-41,22,30,-12300,-2135,11246
147,test,6.5,3.0,5.2,2.0,2,2,221afc17,23,-4,26,34,-11685,1,8534
148,test,6.2,3.4,5.4,2.3,2,2,2f1d190c,12,25,29,47,-11687,-610,9139
149,test,5.9,3.0,5.1,1.8,2,2,1a18fc01,1,-4,24,26,-10469,1789,5574
