output_sample_index,delay_compensated_time_s
140,0.212500
433,1.026389
726,1.840278
1010,2.629167
1294,3.418056
1578,4.206944
1873,5.026389
2108,5.679167
2466,6.673611
2769,7.515278
3061,8.326389
3346,9.118056
3623,9.887500
3926,10.729167
4234,11.584722
4529,12.404167
4828,13.234722
5124,14.056944
5410,14.851389
5697,15.648611
5982,16.440278
6278,17.262500
6590,18.129167
6887,18.954167
7169,19.737500
7455,20.531944
7733,21.304167
8016,22.090278
8309,22.904167
8602,23.718056
8901,24.548611
9205,25.393056
9495,26.198611
9773,26.970833
10061,27.770833
10345,28.559722
10654,29.418056
10958,30.262500
11255,31.087500
11544,31.890278
11844,32.723611
12129,33.515278
