cut_index,cut_value,threshold_full,detected
10,100,400,0
11,100,400,0
12,100,400,0
13,100,400,0
14,100,400,0
15,100,400,0
16,100,400,0
17,100,400,0
18,100,400,0
19,100,400,0
20,100,624,0
21,100,624,0
22,100,624,0
23,100,624,0
24,100,624,0
25,100,624,0
26,100,624,0
27,100,624,0
28,100,400,0
29,100,400,0
30,1000,400,1
31,100,400,0
32,100,400,0
33,100,624,0
34,100,624,0
35,100,624,0
36,100,624,0
37,100,624,0
38,100,624,0
39,100,624,0
40,100,624,0
41,100,400,0
42,100,400,0
43,100,400,0
44,100,400,0
45,100,400,0
46,100,400,0
47,100,400,0
48,100,400,0
49,100,400,0
50,100,672,0
51,100,672,0
52,100,672,0
53,100,672,0
54,100,672,0
55,100,672,0
56,100,672,0
57,100,672,0
58,100,400,0
59,100,400,0
60,1200,400,1
61,100,400,0
62,100,400,0
63,100,672,0
64,100,672,0
65,100,672,0
66,100,672,0
67,100,672,0
68,100,672,0
69,100,672,0
70,100,672,0
71,100,400,0
72,100,400,0
73,100,400,0
74,100,400,0
75,100,600,0
76,100,600,0
77,100,600,0
78,100,600,0
79,100,600,0
80,100,600,0
81,100,600,0
82,100,600,0
83,100,400,0
84,100,400,0
85,900,400,1
86,100,400,0
87,100,400,0
88,100,600,0
89,100,600,0
