raw_hex,hidden_hex,score0,score1,score2,score3,class,margin,oracle,critical
0000,0000,14,8,-3,-15,0,6,0,0
0111,3009,6,16,5,-7,1,10,1,0
0222,707f,-6,4,17,5,2,12,2,0
0233,707f,-6,4,17,5,2,12,2,0
2233,ffff,-18,-8,5,17,3,12,3,0
0024,707f,-6,4,17,5,2,12,2,1
1023,707f,-6,4,17,5,2,12,2,0
4104,ffff,-18,-8,5,17,3,12,3,0
3443,ffff,-18,-8,5,17,3,12,3,0
1422,ffff,-18,-8,5,17,3,12,3,0
0323,707f,-6,4,17,5,2,12,2,0
4023,ffff,-18,-8,5,17,3,12,3,0
4003,707f,-6,4,17,5,2,12,2,0
2120,3009,6,16,5,-7,1,10,1,0
0310,3009,6,16,5,-7,1,10,1,0
4422,ffff,-18,-8,5,17,3,12,3,0
3111,707f,-6,4,17,5,2,12,2,0
0442,ffff,-18,-8,5,17,3,12,3,0
2323,ffff,-18,-8,5,17,3,12,3,0
3113,707f,-6,4,17,5,2,12,2,0
3033,ffff,-18,-8,5,17,3,12,3,0
3333,ffff,-18,-8,5,17,3,12,3,0
1033,707f,-6,4,17,5,2,12,2,0
0340,707f,-6,4,17,5,2,12,2,0
2130,707f,-6,4,17,5,2,12,2,0
4421,ffff,-18,-8,5,17,3,12,3,0
1332,ffff,-18,-8,5,17,3,12,3,0
0122,3009,6,16,5,-7,1,10,1,0
0113,3009,6,16,5,-7,1,10,1,0
4242,ffff,-18,-8,5,17,3,12,3,0
3431,ffff,-18,-8,5,17,3,12,3,0
3142,ffff,-18,-8,5,17,3,12,3,0
2211,707f,-6,4,17,5,2,12,2,0
0344,ffff,-18,-8,5,17,3,12,3,1
4021,707f,-6,4,17,5,2,12,2,0
4114,ffff,-18,-8,5,17,3,12,3,0
1110,3009,6,16,5,-7,1,10,1,0
0014,3009,6,16,5,-7,1,10,1,0
4101,707f,-6,4,17,5,2,12,2,0
0232,707f,-6,4,17,5,2,12,2,0
2043,ffff,-18,-8,5,17,3,12,3,0
4134,ffff,-18,-8,5,17,3,12,3,1
2412,ffff,-18,-8,5,17,3,12,3,0
4001,3009,6,16,5,-7,1,10,1,0
0304,707f,-6,4,17,5,2,12,2,1
3232,ffff,-18,-8,5,17,3,12,3,0
4432,ffff,-18,-8,5,17,3,12,3,0
4334,ffff,-18,-8,5,17,3,12,3,1
4004,707f,-6,4,17,5,2,12,2,0
1431,ffff,-18,-8,5,17,3,12,3,0
3303,ffff,-18,-8,5,17,3,12,3,0
2223,ffff,-18,-8,5,17,3,12,3,0
3211,707f,-6,4,17,5,2,12,2,0
1042,707f,-6,4,17,5,2,12,2,0
0130,3009,6,16,5,-7,1,10,1,0
0420,707f,-6,4,17,5,2,12,2,0
1421,707f,-6,4,17,5,2,12,2,0
4444,ffff,-18,-8,5,17,3,12,3,1
3031,707f,-6,4,17,5,2,12,2,0
2024,707f,-6,4,17,5,2,12,2,1
3043,ffff,-18,-8,5,17,3,12,3,0
0102,3009,6,16,5,-7,1,10,1,0
0320,3009,6,16,5,-7,1,10,1,0
1212,707f,-6,4,17,5,2,12,2,0
0001,0000,14,8,-3,-15,0,6,0,0
0243,ffff,-18,-8,5,17,3,12,3,0
1140,707f,-6,4,17,5,2,12,2,0
3022,707f,-6,4,17,5,2,12,2,0
3141,ffff,-18,-8,5,17,3,12,3,0
1132,707f,-6,4,17,5,2,12,2,0
4224,ffff,-18,-8,5,17,3,12,3,1
0214,707f,-6,4,17,5,2,12,2,1
3002,3009,6,16,5,-7,1,10,1,0
0011,0000,14,8,-3,-15,0,6,0,0
1214,707f,-6,4,17,5,2,12,2,1
1120,3009,6,16,5,-7,1,10,1,0
4314,ffff,-18,-8,5,17,3,12,3,1
2143,ffff,-18,-8,5,17,3,12,3,0
3201,707f,-6,4,17,5,2,12,2,0
2420,707f,-6,4,17,5,2,12,2,0
4012,707f,-6,4,17,5,2,12,2,0
4113,ffff,-18,-8,5,17,3,12,3,0
2310,707f,-6,4,17,5,2,12,2,0
1430,707f,-6,4,17,5,2,12,2,0
4010,3009,6,16,5,-7,1,10,1,0
1002,3009,6,16,5,-7,1,10,1,0
4410,ffff,-18,-8,5,17,3,12,3,0
0403,707f,-6,4,17,5,2,12,2,0
1310,3009,6,16,5,-7,1,10,1,0
2334,ffff,-18,-8,5,17,3,12,3,1
2344,ffff,-18,-8,5,17,3,12,3,1
0002,0000,14,8,-3,-15,0,6,0,0
4211,707f,-6,4,17,5,2,12,2,0
1231,707f,-6,4,17,5,2,12,2,0
2444,ffff,-18,-8,5,17,3,12,3,1
2421,ffff,-18,-8,5,17,3,12,3,0
4034,ffff,-18,-8,5,17,3,12,3,1
2343,ffff,-18,-8,5,17,3,12,3,0
0400,3009,6,16,5,-7,1,10,1,0
0213,707f,-6,4,17,5,2,12,2,0
0144,ffff,-18,-8,5,17,3,12,3,1
0241,707f,-6,4,17,5,2,12,2,0
3114,ffff,-18,-8,5,17,3,12,3,0
4431,ffff,-18,-8,5,17,3,12,3,0
3204,ffff,-18,-8,5,17,3,12,3,1
3041,707f,-6,4,17,5,2,12,2,0
4443,ffff,-18,-8,5,17,3,12,3,0
4401,ffff,-18,-8,5,17,3,12,3,0
2220,707f,-6,4,17,5,2,12,2,0
2104,707f,-6,4,17,5,2,12,2,0
1010,0000,14,8,-3,-15,0,6,0,0
3020,3009,6,16,5,-7,1,10,1,0
2301,707f,-6,4,17,5,2,12,2,0
1200,3009,6,16,5,-7,1,10,1,0
4411,ffff,-18,-8,5,17,3,12,3,0
3221,707f,-6,4,17,5,2,12,2,0
2110,3009,6,16,5,-7,1,10,1,0
2433,ffff,-18,-8,5,17,3,12,3,0
1301,3009,6,16,5,-7,1,10,1,0
1242,ffff,-18,-8,5,17,3,12,3,0
3234,ffff,-18,-8,5,17,3,12,3,1
3032,707f,-6,4,17,5,2,12,2,0
3120,707f,-6,4,17,5,2,12,2,0
1433,ffff,-18,-8,5,17,3,12,3,0
4241,ffff,-18,-8,5,17,3,12,3,0
2213,707f,-6,4,17,5,2,12,2,0
1223,707f,-6,4,17,5,2,12,2,0
2121,707f,-6,4,17,5,2,12,2,0
3230,707f,-6,4,17,5,2,12,2,0
3324,ffff,-18,-8,5,17,3,12,3,1
2234,ffff,-18,-8,5,17,3,12,3,1
2231,707f,-6,4,17,5,2,12,2,0
3300,707f,-6,4,17,5,2,12,2,0
3410,707f,-6,4,17,5,2,12,2,0
1244,ffff,-18,-8,5,17,3,12,3,1
1034,707f,-6,4,17,5,2,12,2,1
2004,707f,-6,4,17,5,2,12,2,0
2102,3009,6,16,5,-7,1,10,1,0
3304,ffff,-18,-8,5,17,3,12,3,1
0131,3009,6,16,5,-7,1,10,1,0
3210,707f,-6,4,17,5,2,12,2,0
1444,ffff,-18,-8,5,17,3,12,3,1
1000,0000,14,8,-3,-15,0,6,0,0
1312,707f,-6,4,17,5,2,12,2,0
1414,ffff,-18,-8,5,17,3,12,3,1
1320,707f,-6,4,17,5,2,12,2,0
0021,3009,6,16,5,-7,1,10,1,0
3311,707f,-6,4,17,5,2,12,2,0
2202,707f,-6,4,17,5,2,12,2,0
3242,ffff,-18,-8,5,17,3,12,3,0
2111,3009,6,16,5,-7,1,10,1,0
4412,ffff,-18,-8,5,17,3,12,3,0
1423,ffff,-18,-8,5,17,3,12,3,0
1112,3009,6,16,5,-7,1,10,1,0
4301,707f,-6,4,17,5,2,12,2,0
0444,ffff,-18,-8,5,17,3,12,3,1
1133,707f,-6,4,17,5,2,12,2,0
1321,707f,-6,4,17,5,2,12,2,0
1344,ffff,-18,-8,5,17,3,12,3,1
2212,707f,-6,4,17,5,2,12,2,0
3341,ffff,-18,-8,5,17,3,12,3,0
1403,707f,-6,4,17,5,2,12,2,0
2012,3009,6,16,5,-7,1,10,1,0
4221,ffff,-18,-8,5,17,3,12,3,0
2241,ffff,-18,-8,5,17,3,12,3,0
3200,3009,6,16,5,-7,1,10,1,0
3321,ffff,-18,-8,5,17,3,12,3,0
0343,ffff,-18,-8,5,17,3,12,3,0
2132,707f,-6,4,17,5,2,12,2,0
3102,707f,-6,4,17,5,2,12,2,0
4142,ffff,-18,-8,5,17,3,12,3,0
3132,ffff,-18,-8,5,17,3,12,3,0
2243,ffff,-18,-8,5,17,3,12,3,0
4014,ffff,-18,-8,5,17,3,12,3,0
3010,3009,6,16,5,-7,1,10,1,0
1233,ffff,-18,-8,5,17,3,12,3,0
4434,ffff,-18,-8,5,17,3,12,3,1
3001,3009,6,16,5,-7,1,10,1,0
0023,3009,6,16,5,-7,1,10,1,0
1012,3009,6,16,5,-7,1,10,1,0
4130,707f,-6,4,17,5,2,12,2,0
3411,ffff,-18,-8,5,17,3,12,3,0
3012,707f,-6,4,17,5,2,12,2,0
0314,707f,-6,4,17,5,2,12,2,1
3000,3009,6,16,5,-7,1,10,1,0
2103,707f,-6,4,17,5,2,12,2,0
3103,707f,-6,4,17,5,2,12,2,0
4043,ffff,-18,-8,5,17,3,12,3,0
2324,ffff,-18,-8,5,17,3,12,3,1
2022,707f,-6,4,17,5,2,12,2,0
0404,707f,-6,4,17,5,2,12,2,1
1114,707f,-6,4,17,5,2,12,2,0
3123,ffff,-18,-8,5,17,3,12,3,0
0231,707f,-6,4,17,5,2,12,2,0
1434,ffff,-18,-8,5,17,3,12,3,1
1111,3009,6,16,5,-7,1,10,1,0
2314,ffff,-18,-8,5,17,3,12,3,1
0140,3009,6,16,5,-7,1,10,1,0
1303,707f,-6,4,17,5,2,12,2,0
3313,ffff,-18,-8,5,17,3,12,3,0
1412,707f,-6,4,17,5,2,12,2,0
3442,ffff,-18,-8,5,17,3,12,3,0
0210,3009,6,16,5,-7,1,10,1,0
2303,707f,-6,4,17,5,2,12,2,0
0434,ffff,-18,-8,5,17,3,12,3,1
1443,ffff,-18,-8,5,17,3,12,3,0
0313,707f,-6,4,17,5,2,12,2,0
3402,ffff,-18,-8,5,17,3,12,3,0
2221,707f,-6,4,17,5,2,12,2,0
0114,707f,-6,4,17,5,2,12,2,0
1243,ffff,-18,-8,5,17,3,12,3,0
1020,3009,6,16,5,-7,1,10,1,0
4433,ffff,-18,-8,5,17,3,12,3,0
4343,ffff,-18,-8,5,17,3,12,3,0
4124,ffff,-18,-8,5,17,3,12,3,1
1222,707f,-6,4,17,5,2,12,2,0
0123,707f,-6,4,17,5,2,12,2,0
1322,707f,-6,4,17,5,2,12,2,0
4321,ffff,-18,-8,5,17,3,12,3,0
4441,ffff,-18,-8,5,17,3,12,3,0
4213,ffff,-18,-8,5,17,3,12,3,0
0034,707f,-6,4,17,5,2,12,2,1
2033,707f,-6,4,17,5,2,12,2,0
4312,ffff,-18,-8,5,17,3,12,3,0
0012,3009,6,16,5,-7,1,10,1,0
4310,707f,-6,4,17,5,2,12,2,0
1011,3009,6,16,5,-7,1,10,1,0
1304,707f,-6,4,17,5,2,12,2,1
4311,ffff,-18,-8,5,17,3,12,3,0
4214,ffff,-18,-8,5,17,3,12,3,1
2034,ffff,-18,-8,5,17,3,12,3,1
0100,0000,14,8,-3,-15,0,6,0,0
2342,ffff,-18,-8,5,17,3,12,3,0
0240,707f,-6,4,17,5,2,12,2,0
2411,707f,-6,4,17,5,2,12,2,0
0401,3009,6,16,5,-7,1,10,1,0
0201,3009,6,16,5,-7,1,10,1,0
3430,ffff,-18,-8,5,17,3,12,3,0
3222,ffff,-18,-8,5,17,3,12,3,0
3220,707f,-6,4,17,5,2,12,2,0
4233,ffff,-18,-8,5,17,3,12,3,0
0043,707f,-6,4,17,5,2,12,2,0
3023,707f,-6,4,17,5,2,12,2,0
4430,ffff,-18,-8,5,17,3,12,3,0
0302,3009,6,16,5,-7,1,10,1,0
2044,ffff,-18,-8,5,17,3,12,3,1
0410,3009,6,16,5,-7,1,10,1,0
4231,ffff,-18,-8,5,17,3,12,3,0
4423,ffff,-18,-8,5,17,3,12,3,0
4322,ffff,-18,-8,5,17,3,12,3,0
2122,707f,-6,4,17,5,2,12,2,0
3241,ffff,-18,-8,5,17,3,12,3,0
2320,707f,-6,4,17,5,2,12,2,0
2304,ffff,-18,-8,5,17,3,12,3,1
2404,ffff,-18,-8,5,17,3,12,3,1
4143,ffff,-18,-8,5,17,3,12,3,0
0202,3009,6,16,5,-7,1,10,1,0
3340,ffff,-18,-8,5,17,3,12,3,0
0412,707f,-6,4,17,5,2,12,2,0
0101,0000,14,8,-3,-15,0,6,0,0
2140,707f,-6,4,17,5,2,12,2,0
2401,707f,-6,4,17,5,2,12,2,0
1442,ffff,-18,-8,5,17,3,12,3,0
0030,3009,6,16,5,-7,1,10,1,0
4133,ffff,-18,-8,5,17,3,12,3,0
0430,707f,-6,4,17,5,2,12,2,0
4200,707f,-6,4,17,5,2,12,2,0
3414,ffff,-18,-8,5,17,3,12,3,1
0044,707f,-6,4,17,5,2,12,2,1
0244,ffff,-18,-8,5,17,3,12,3,1
0200,0000,14,8,-3,-15,0,6,0,0
3213,ffff,-18,-8,5,17,3,12,3,0
1143,ffff,-18,-8,5,17,3,12,3,0
2214,ffff,-18,-8,5,17,3,12,3,1
3343,ffff,-18,-8,5,17,3,12,3,0
1101,3009,6,16,5,-7,1,10,1,0
0121,3009,6,16,5,-7,1,10,1,0
3342,ffff,-18,-8,5,17,3,12,3,0
2441,ffff,-18,-8,5,17,3,12,3,0
0424,ffff,-18,-8,5,17,3,12,3,1
0020,0000,14,8,-3,-15,0,6,0,0
1432,ffff,-18,-8,5,17,3,12,3,0
1031,3009,6,16,5,-7,1,10,1,0
3432,ffff,-18,-8,5,17,3,12,3,0
2402,707f,-6,4,17,5,2,12,2,0
2414,ffff,-18,-8,5,17,3,12,3,1
1122,707f,-6,4,17,5,2,12,2,0
2020,3009,6,16,5,-7,1,10,1,0
4144,ffff,-18,-8,5,17,3,12,3,1
4413,ffff,-18,-8,5,17,3,12,3,0
3140,707f,-6,4,17,5,2,12,2,0
0341,707f,-6,4,17,5,2,12,2,0
1302,707f,-6,4,17,5,2,12,2,0
2000,0000,14,8,-3,-15,0,6,0,0
4341,ffff,-18,-8,5,17,3,12,3,0
1204,707f,-6,4,17,5,2,12,2,1
2312,707f,-6,4,17,5,2,12,2,0
4032,ffff,-18,-8,5,17,3,12,3,0
1142,707f,-6,4,17,5,2,12,2,0
2134,ffff,-18,-8,5,17,3,12,3,1
3044,ffff,-18,-8,5,17,3,12,3,1
3121,707f,-6,4,17,5,2,12,2,0
1424,ffff,-18,-8,5,17,3,12,3,1
1102,3009,6,16,5,-7,1,10,1,0
0234,ffff,-18,-8,5,17,3,12,3,1
4040,707f,-6,4,17,5,2,12,2,0
3424,ffff,-18,-8,5,17,3,12,3,1
4140,ffff,-18,-8,5,17,3,12,3,0
2434,ffff,-18,-8,5,17,3,12,3,1
0301,3009,6,16,5,-7,1,10,1,0
4323,ffff,-18,-8,5,17,3,12,3,0
3420,ffff,-18,-8,5,17,3,12,3,0
1300,3009,6,16,5,-7,1,10,1,0
1341,ffff,-18,-8,5,17,3,12,3,0
2114,707f,-6,4,17,5,2,12,2,0
3003,707f,-6,4,17,5,2,12,2,0
3013,707f,-6,4,17,5,2,12,2,0
4031,707f,-6,4,17,5,2,12,2,0
4332,ffff,-18,-8,5,17,3,12,3,0
1401,707f,-6,4,17,5,2,12,2,0
1103,3009,6,16,5,-7,1,10,1,0
1400,3009,6,16,5,-7,1,10,1,0
0013,3009,6,16,5,-7,1,10,1,0
2203,707f,-6,4,17,5,2,12,2,0
1001,0000,14,8,-3,-15,0,6,0,0
1334,ffff,-18,-8,5,17,3,12,3,1
2230,707f,-6,4,17,5,2,12,2,0
2443,ffff,-18,-8,5,17,3,12,3,0
4230,ffff,-18,-8,5,17,3,12,3,0
3330,ffff,-18,-8,5,17,3,12,3,0
0443,ffff,-18,-8,5,17,3,12,3,0
4201,707f,-6,4,17,5,2,12,2,0
3131,707f,-6,4,17,5,2,12,2,0
4404,ffff,-18,-8,5,17,3,12,3,1
4030,707f,-6,4,17,5,2,12,2,0
3134,ffff,-18,-8,5,17,3,12,3,1
1230,707f,-6,4,17,5,2,12,2,0
2131,707f,-6,4,17,5,2,12,2,0
0143,707f,-6,4,17,5,2,12,2,0
2431,ffff,-18,-8,5,17,3,12,3,0
2424,ffff,-18,-8,5,17,3,12,3,1
2403,ffff,-18,-8,5,17,3,12,3,0
2042,707f,-6,4,17,5,2,12,2,0
4202,707f,-6,4,17,5,2,12,2,0
1413,ffff,-18,-8,5,17,3,12,3,0
4344,ffff,-18,-8,5,17,3,12,3,1
0332,707f,-6,4,17,5,2,12,2,0
1021,3009,6,16,5,-7,1,10,1,0
3203,707f,-6,4,17,5,2,12,2,0
0422,707f,-6,4,17,5,2,12,2,0
0411,707f,-6,4,17,5,2,12,2,0
1043,707f,-6,4,17,5,2,12,2,0
2142,ffff,-18,-8,5,17,3,12,3,0
0212,3009,6,16,5,-7,1,10,1,0
1232,707f,-6,4,17,5,2,12,2,0
1343,ffff,-18,-8,5,17,3,12,3,0
4234,ffff,-18,-8,5,17,3,12,3,1
0003,3009,6,16,5,-7,1,10,1,0
4303,ffff,-18,-8,5,17,3,12,3,0
3243,ffff,-18,-8,5,17,3,12,3,0
1323,ffff,-18,-8,5,17,3,12,3,0
3212,707f,-6,4,17,5,2,12,2,0
4100,3009,6,16,5,-7,1,10,1,0
4013,707f,-6,4,17,5,2,12,2,0
2400,707f,-6,4,17,5,2,12,2,0
2031,707f,-6,4,17,5,2,12,2,0
1044,ffff,-18,-8,5,17,3,12,3,1
2341,ffff,-18,-8,5,17,3,12,3,0
0311,3009,6,16,5,-7,1,10,1,0
0132,707f,-6,4,17,5,2,12,2,0
2442,ffff,-18,-8,5,17,3,12,3,0
3224,ffff,-18,-8,5,17,3,12,3,1
3110,3009,6,16,5,-7,1,10,1,0
3223,ffff,-18,-8,5,17,3,12,3,0
4403,ffff,-18,-8,5,17,3,12,3,0
0134,707f,-6,4,17,5,2,12,2,1
1203,707f,-6,4,17,5,2,12,2,0
3124,ffff,-18,-8,5,17,3,12,3,1
1202,3009,6,16,5,-7,1,10,1,0
3344,ffff,-18,-8,5,17,3,12,3,1
1104,707f,-6,4,17,5,2,12,2,0
4313,ffff,-18,-8,5,17,3,12,3,0
3112,707f,-6,4,17,5,2,12,2,0
4212,ffff,-18,-8,5,17,3,12,3,0
3034,ffff,-18,-8,5,17,3,12,3,1
3400,707f,-6,4,17,5,2,12,2,0
2244,ffff,-18,-8,5,17,3,12,3,1
3404,ffff,-18,-8,5,17,3,12,3,1
1340,707f,-6,4,17,5,2,12,2,0
3014,707f,-6,4,17,5,2,12,2,0
3302,707f,-6,4,17,5,2,12,2,0
2003,3009,6,16,5,-7,1,10,1,0
1024,707f,-6,4,17,5,2,12,2,1
1030,3009,6,16,5,-7,1,10,1,0
3004,707f,-6,4,17,5,2,12,2,0
2040,707f,-6,4,17,5,2,12,2,0
4320,ffff,-18,-8,5,17,3,12,3,0
0441,ffff,-18,-8,5,17,3,12,3,0
0223,707f,-6,4,17,5,2,12,2,0
4424,ffff,-18,-8,5,17,3,12,3,1
4243,ffff,-18,-8,5,17,3,12,3,0
3444,ffff,-18,-8,5,17,3,12,3,1
2010,3009,6,16,5,-7,1,10,1,0
1121,3009,6,16,5,-7,1,10,1,0
2423,ffff,-18,-8,5,17,3,12,3,0
4121,707f,-6,4,17,5,2,12,2,0
2001,3009,6,16,5,-7,1,10,1,0
2311,707f,-6,4,17,5,2,12,2,0
0432,ffff,-18,-8,5,17,3,12,3,0
2030,3009,6,16,5,-7,1,10,1,0
2014,707f,-6,4,17,5,2,12,2,0
0141,707f,-6,4,17,5,2,12,2,0
3301,707f,-6,4,17,5,2,12,2,0
3202,707f,-6,4,17,5,2,12,2,0
0324,ffff,-18,-8,5,17,3,12,3,1
2413,ffff,-18,-8,5,17,3,12,3,0
0032,3009,6,16,5,-7,1,10,1,0
0033,707f,-6,4,17,5,2,12,2,0
4302,ffff,-18,-8,5,17,3,12,3,0
1022,3009,6,16,5,-7,1,10,1,0
4120,707f,-6,4,17,5,2,12,2,0
2101,3009,6,16,5,-7,1,10,1,0
1004,3009,6,16,5,-7,1,10,1,0
1040,3009,6,16,5,-7,1,10,1,0
2321,707f,-6,4,17,5,2,12,2,0
4342,ffff,-18,-8,5,17,3,12,3,0
1313,707f,-6,4,17,5,2,12,2,0
4223,ffff,-18,-8,5,17,3,12,3,0
0133,707f,-6,4,17,5,2,12,2,0
2430,ffff,-18,-8,5,17,3,12,3,0
0334,ffff,-18,-8,5,17,3,12,3,1
2240,707f,-6,4,17,5,2,12,2,0
1113,707f,-6,4,17,5,2,12,2,0
2322,ffff,-18,-8,5,17,3,12,3,0
2032,707f,-6,4,17,5,2,12,2,0
3440,ffff,-18,-8,5,17,3,12,3,0
2204,707f,-6,4,17,5,2,12,2,1
1311,707f,-6,4,17,5,2,12,2,0
3312,ffff,-18,-8,5,17,3,12,3,0
2242,ffff,-18,-8,5,17,3,12,3,0
2200,3009,6,16,5,-7,1,10,1,0
1201,3009,6,16,5,-7,1,10,1,0
2333,ffff,-18,-8,5,17,3,12,3,0
0333,ffff,-18,-8,5,17,3,12,3,0
0402,707f,-6,4,17,5,2,12,2,0
2041,707f,-6,4,17,5,2,12,2,0
4123,ffff,-18,-8,5,17,3,12,3,0
4042,ffff,-18,-8,5,17,3,12,3,0
3422,ffff,-18,-8,5,17,3,12,3,0
2123,707f,-6,4,17,5,2,12,2,0
0042,707f,-6,4,17,5,2,12,2,0
4024,ffff,-18,-8,5,17,3,12,3,1
2222,707f,-6,4,17,5,2,12,2,0
4000,3009,6,16,5,-7,1,10,1,0
4002,707f,-6,4,17,5,2,12,2,0
1404,ffff,-18,-8,5,17,3,12,3,1
0220,3009,6,16,5,-7,1,10,1,0
0204,707f,-6,4,17,5,2,12,2,1
2232,ffff,-18,-8,5,17,3,12,3,0
1420,707f,-6,4,17,5,2,12,2,0
1234,ffff,-18,-8,5,17,3,12,3,1
2013,707f,-6,4,17,5,2,12,2,0
1220,3009,6,16,5,-7,1,10,1,0
0112,3009,6,16,5,-7,1,10,1,0
3244,ffff,-18,-8,5,17,3,12,3,1
0423,ffff,-18,-8,5,17,3,12,3,0
1013,3009,6,16,5,-7,1,10,1,0
0303,707f,-6,4,17,5,2,12,2,0
3331,ffff,-18,-8,5,17,3,12,3,0
0203,3009,6,16,5,-7,1,10,1,0
1314,ffff,-18,-8,5,17,3,12,3,1
3332,ffff,-18,-8,5,17,3,12,3,0
1402,707f,-6,4,17,5,2,12,2,0
4402,ffff,-18,-8,5,17,3,12,3,0
4044,ffff,-18,-8,5,17,3,12,3,1
0330,707f,-6,4,17,5,2,12,2,0
4132,ffff,-18,-8,5,17,3,12,3,0
1032,707f,-6,4,17,5,2,12,2,0
3240,ffff,-18,-8,5,17,3,12,3,0
4112,707f,-6,4,17,5,2,12,2,0
0041,3009,6,16,5,-7,1,10,1,0
0221,3009,6,16,5,-7,1,10,1,0
2144,ffff,-18,-8,5,17,3,12,3,1
2340,ffff,-18,-8,5,17,3,12,3,0
1441,ffff,-18,-8,5,17,3,12,3,0
3143,ffff,-18,-8,5,17,3,12,3,0
3021,707f,-6,4,17,5,2,12,2,0
3024,ffff,-18,-8,5,17,3,12,3,1
4400,707f,-6,4,17,5,2,12,2,0
1141,707f,-6,4,17,5,2,12,2,0
3421,ffff,-18,-8,5,17,3,12,3,0
0331,707f,-6,4,17,5,2,12,2,0
0342,ffff,-18,-8,5,17,3,12,3,0
4102,707f,-6,4,17,5,2,12,2,0
1330,707f,-6,4,17,5,2,12,2,0
0312,707f,-6,4,17,5,2,12,2,0
1333,ffff,-18,-8,5,17,3,12,3,0
1124,707f,-6,4,17,5,2,12,2,1
2112,707f,-6,4,17,5,2,12,2,0
3423,ffff,-18,-8,5,17,3,12,3,0
1134,ffff,-18,-8,5,17,3,12,3,1
3413,ffff,-18,-8,5,17,3,12,3,0
2002,3009,6,16,5,-7,1,10,1,0
4210,707f,-6,4,17,5,2,12,2,0
3133,ffff,-18,-8,5,17,3,12,3,0
0211,3009,6,16,5,-7,1,10,1,0
2141,707f,-6,4,17,5,2,12,2,0
3011,3009,6,16,5,-7,1,10,1,0
1221,707f,-6,4,17,5,2,12,2,0
0124,707f,-6,4,17,5,2,12,2,1
1213,707f,-6,4,17,5,2,12,2,0
4240,ffff,-18,-8,5,17,3,12,3,0
1210,3009,6,16,5,-7,1,10,1,0
0230,3009,6,16,5,-7,1,10,1,0
0321,707f,-6,4,17,5,2,12,2,0
1440,ffff,-18,-8,5,17,3,12,3,0
3214,ffff,-18,-8,5,17,3,12,3,1
0103,3009,6,16,5,-7,1,10,1,0
0440,707f,-6,4,17,5,2,12,2,0
3030,707f,-6,4,17,5,2,12,2,0
3233,ffff,-18,-8,5,17,3,12,3,0
4324,ffff,-18,-8,5,17,3,12,3,1
2432,ffff,-18,-8,5,17,3,12,3,0
2201,3009,6,16,5,-7,1,10,1,0
2410,707f,-6,4,17,5,2,12,2,0
0040,3009,6,16,5,-7,1,10,1,0
2124,ffff,-18,-8,5,17,3,12,3,1
4340,ffff,-18,-8,5,17,3,12,3,0
3334,ffff,-18,-8,5,17,3,12,3,1
3104,707f,-6,4,17,5,2,12,2,0
1123,707f,-6,4,17,5,2,12,2,0
1100,0000,14,8,-3,-15,0,6,0,0
0300,3009,6,16,5,-7,1,10,1,0
3130,707f,-6,4,17,5,2,12,2,0
3412,ffff,-18,-8,5,17,3,12,3,0
2330,707f,-6,4,17,5,2,12,2,0
4304,ffff,-18,-8,5,17,3,12,3,1
4203,ffff,-18,-8,5,17,3,12,3,0
0242,707f,-6,4,17,5,2,12,2,0
1144,ffff,-18,-8,5,17,3,12,3,1
4420,ffff,-18,-8,5,17,3,12,3,0
4141,ffff,-18,-8,5,17,3,12,3,0
0413,707f,-6,4,17,5,2,12,2,0
2300,3009,6,16,5,-7,1,10,1,0
4440,ffff,-18,-8,5,17,3,12,3,0
4204,ffff,-18,-8,5,17,3,12,3,1
3441,ffff,-18,-8,5,17,3,12,3,0
0010,0000,14,8,-3,-15,0,6,0,0
1131,707f,-6,4,17,5,2,12,2,0
0421,707f,-6,4,17,5,2,12,2,0
4333,ffff,-18,-8,5,17,3,12,3,0
3323,ffff,-18,-8,5,17,3,12,3,0
4131,ffff,-18,-8,5,17,3,12,3,0
1041,707f,-6,4,17,5,2,12,2,0
4300,707f,-6,4,17,5,2,12,2,0
3434,ffff,-18,-8,5,17,3,12,3,1
3040,707f,-6,4,17,5,2,12,2,0
4331,ffff,-18,-8,5,17,3,12,3,0
3101,3009,6,16,5,-7,1,10,1,0
3314,ffff,-18,-8,5,17,3,12,3,1
0322,707f,-6,4,17,5,2,12,2,0
2113,707f,-6,4,17,5,2,12,2,0
4442,ffff,-18,-8,5,17,3,12,3,0
2224,ffff,-18,-8,5,17,3,12,3,1
4222,ffff,-18,-8,5,17,3,12,3,0
3401,707f,-6,4,17,5,2,12,2,0
1411,707f,-6,4,17,5,2,12,2,0
2100,3009,6,16,5,-7,1,10,1,0
4330,ffff,-18,-8,5,17,3,12,3,0
4111,707f,-6,4,17,5,2,12,2,0
2440,ffff,-18,-8,5,17,3,12,3,0
3100,3009,6,16,5,-7,1,10,1,0
4414,ffff,-18,-8,5,17,3,12,3,1
1240,707f,-6,4,17,5,2,12,2,0
4022,707f,-6,4,17,5,2,12,2,0
3042,ffff,-18,-8,5,17,3,12,3,0
4220,707f,-6,4,17,5,2,12,2,0
4244,ffff,-18,-8,5,17,3,12,3,1
2302,707f,-6,4,17,5,2,12,2,0
1324,ffff,-18,-8,5,17,3,12,3,1
0004,3009,6,16,5,-7,1,10,1,0
0022,3009,6,16,5,-7,1,10,1,0
4122,ffff,-18,-8,5,17,3,12,3,0
2331,ffff,-18,-8,5,17,3,12,3,0
0224,707f,-6,4,17,5,2,12,2,1
4232,ffff,-18,-8,5,17,3,12,3,0
2332,ffff,-18,-8,5,17,3,12,3,0
3433,ffff,-18,-8,5,17,3,12,3,0
0120,3009,6,16,5,-7,1,10,1,0
1342,ffff,-18,-8,5,17,3,12,3,0
4110,707f,-6,4,17,5,2,12,2,0
2313,ffff,-18,-8,5,17,3,12,3,0
1130,3009,6,16,5,-7,1,10,1,0
4033,ffff,-18,-8,5,17,3,12,3,0
1003,3009,6,16,5,-7,1,10,1,0
0110,0000,14,8,-3,-15,0,6,0,0
4011,707f,-6,4,17,5,2,12,2,0
4020,707f,-6,4,17,5,2,12,2,0
1014,707f,-6,4,17,5,2,12,2,0
1211,3009,6,16,5,-7,1,10,1,0
2021,3009,6,16,5,-7,1,10,1,0
3144,ffff,-18,-8,5,17,3,12,3,1
0104,3009,6,16,5,-7,1,10,1,0
3320,707f,-6,4,17,5,2,12,2,0
1331,707f,-6,4,17,5,2,12,2,0
0031,3009,6,16,5,-7,1,10,1,0
1224,ffff,-18,-8,5,17,3,12,3,1
3310,707f,-6,4,17,5,2,12,2,0
2422,ffff,-18,-8,5,17,3,12,3,0
3403,ffff,-18,-8,5,17,3,12,3,0
0433,ffff,-18,-8,5,17,3,12,3,0
3231,ffff,-18,-8,5,17,3,12,3,0
0431,707f,-6,4,17,5,2,12,2,0
4041,ffff,-18,-8,5,17,3,12,3,0
3122,707f,-6,4,17,5,2,12,2,0
1241,707f,-6,4,17,5,2,12,2,0
1410,707f,-6,4,17,5,2,12,2,0
2023,707f,-6,4,17,5,2,12,2,0
0142,707f,-6,4,17,5,2,12,2,0
3322,ffff,-18,-8,5,17,3,12,3,0
2210,3009,6,16,5,-7,1,10,1,0
2011,3009,6,16,5,-7,1,10,1,0
2133,ffff,-18,-8,5,17,3,12,3,0
4103,707f,-6,4,17,5,2,12,2,0
0414,ffff,-18,-8,5,17,3,12,3,1
