index,d,v,a,u,severity_sum,normal,cautious,critical_guard
0,0,0,0,0,0,0,0,0
1,0,0,0,1,1,0,0,0
2,0,0,0,2,2,0,0,0
3,0,0,0,3,3,0,1,0
4,0,0,0,4,4,1,1,0
5,0,0,1,0,1,0,0,0
6,0,0,1,1,2,0,0,0
7,0,0,1,2,3,0,1,0
8,0,0,1,3,4,1,1,0
9,0,0,1,4,5,1,1,0
10,0,0,2,0,2,0,0,0
11,0,0,2,1,3,0,1,0
12,0,0,2,2,4,1,1,0
13,0,0,2,3,5,1,1,0
14,0,0,2,4,6,1,2,0
15,0,0,3,0,3,0,1,0
16,0,0,3,1,4,1,1,0
17,0,0,3,2,5,1,1,0
18,0,0,3,3,6,1,2,0
19,0,0,3,4,7,2,2,0
20,0,0,4,0,4,1,1,0
21,0,0,4,1,5,1,1,0
22,0,0,4,2,6,1,2,0
23,0,0,4,3,7,2,2,0
24,0,0,4,4,8,2,2,0
25,0,1,0,0,1,0,0,0
26,0,1,0,1,2,0,0,0
27,0,1,0,2,3,0,1,0
28,0,1,0,3,4,1,1,0
29,0,1,0,4,5,1,1,0
30,0,1,1,0,2,0,0,0
31,0,1,1,1,3,0,1,0
32,0,1,1,2,4,1,1,0
33,0,1,1,3,5,1,1,0
34,0,1,1,4,6,1,2,0
35,0,1,2,0,3,0,1,0
36,0,1,2,1,4,1,1,0
37,0,1,2,2,5,1,1,0
38,0,1,2,3,6,1,2,0
39,0,1,2,4,7,2,2,0
40,0,1,3,0,4,1,1,0
41,0,1,3,1,5,1,1,0
42,0,1,3,2,6,1,2,0
43,0,1,3,3,7,2,2,0
44,0,1,3,4,8,2,2,0
45,0,1,4,0,5,1,1,0
46,0,1,4,1,6,1,2,0
47,0,1,4,2,7,2,2,0
48,0,1,4,3,8,2,2,0
49,0,1,4,4,9,2,3,0
50,0,2,0,0,2,0,0,0
51,0,2,0,1,3,0,1,0
52,0,2,0,2,4,1,1,0
53,0,2,0,3,5,1,1,0
54,0,2,0,4,6,1,2,0
55,0,2,1,0,3,0,1,0
56,0,2,1,1,4,1,1,0
57,0,2,1,2,5,1,1,0
58,0,2,1,3,6,1,2,0
59,0,2,1,4,7,2,2,0
60,0,2,2,0,4,1,1,0
61,0,2,2,1,5,1,1,0
62,0,2,2,2,6,1,2,0
63,0,2,2,3,7,2,2,0
64,0,2,2,4,8,2,2,0
65,0,2,3,0,5,1,1,0
66,0,2,3,1,6,1,2,0
67,0,2,3,2,7,2,2,0
68,0,2,3,3,8,2,2,0
69,0,2,3,4,9,2,3,0
70,0,2,4,0,6,1,2,0
71,0,2,4,1,7,2,2,0
72,0,2,4,2,8,2,2,0
73,0,2,4,3,9,2,3,0
74,0,2,4,4,10,3,3,0
75,0,3,0,0,3,0,1,0
76,0,3,0,1,4,1,1,0
77,0,3,0,2,5,1,1,0
78,0,3,0,3,6,1,2,0
79,0,3,0,4,7,2,2,0
80,0,3,1,0,4,1,1,0
81,0,3,1,1,5,1,1,0
82,0,3,1,2,6,1,2,0
83,0,3,1,3,7,2,2,0
84,0,3,1,4,8,2,2,0
85,0,3,2,0,5,1,1,0
86,0,3,2,1,6,1,2,0
87,0,3,2,2,7,2,2,0
88,0,3,2,3,8,2,2,0
89,0,3,2,4,9,2,3,0
90,0,3,3,0,6,1,2,0
91,0,3,3,1,7,2,2,0
92,0,3,3,2,8,2,2,0
93,0,3,3,3,9,2,3,0
94,0,3,3,4,10,3,3,0
95,0,3,4,0,7,2,2,0
96,0,3,4,1,8,2,2,0
97,0,3,4,2,9,2,3,0
98,0,3,4,3,10,3,3,0
99,0,3,4,4,11,3,3,0
100,0,4,0,0,4,1,1,0
101,0,4,0,1,5,1,1,0
102,0,4,0,2,6,1,2,0
103,0,4,0,3,7,2,2,0
104,0,4,0,4,8,2,2,0
105,0,4,1,0,5,1,1,0
106,0,4,1,1,6,1,2,0
107,0,4,1,2,7,2,2,0
108,0,4,1,3,8,2,2,0
109,0,4,1,4,9,2,3,0
110,0,4,2,0,6,1,2,0
111,0,4,2,1,7,2,2,0
112,0,4,2,2,8,2,2,0
113,0,4,2,3,9,2,3,0
114,0,4,2,4,10,3,3,0
115,0,4,3,0,7,2,2,0
116,0,4,3,1,8,2,2,0
117,0,4,3,2,9,2,3,0
118,0,4,3,3,10,3,3,0
119,0,4,3,4,11,3,3,0
120,0,4,4,0,8,2,2,0
121,0,4,4,1,9,2,3,0
122,0,4,4,2,10,3,3,0
123,0,4,4,3,11,3,3,0
124,0,4,4,4,12,3,3,0
125,1,0,0,0,1,0,0,0
126,1,0,0,1,2,0,0,0
127,1,0,0,2,3,0,1,0
128,1,0,0,3,4,1,1,0
129,1,0,0,4,5,1,1,0
130,1,0,1,0,2,0,0,0
131,1,0,1,1,3,0,1,0
132,1,0,1,2,4,1,1,0
133,1,0,1,3,5,1,1,0
134,1,0,1,4,6,1,2,0
135,1,0,2,0,3,0,1,0
136,1,0,2,1,4,1,1,0
137,1,0,2,2,5,1,1,0
138,1,0,2,3,6,1,2,0
139,1,0,2,4,7,2,2,0
140,1,0,3,0,4,1,1,0
141,1,0,3,1,5,1,1,0
142,1,0,3,2,6,1,2,0
143,1,0,3,3,7,2,2,0
144,1,0,3,4,8,2,2,0
145,1,0,4,0,5,1,1,0
146,1,0,4,1,6,1,2,0
147,1,0,4,2,7,2,2,0
148,1,0,4,3,8,2,2,0
149,1,0,4,4,9,2,3,0
150,1,1,0,0,2,0,0,0
151,1,1,0,1,3,0,1,0
152,1,1,0,2,4,1,1,0
153,1,1,0,3,5,1,1,0
154,1,1,0,4,6,1,2,0
155,1,1,1,0,3,0,1,0
156,1,1,1,1,4,1,1,0
157,1,1,1,2,5,1,1,0
158,1,1,1,3,6,1,2,0
159,1,1,1,4,7,2,2,0
160,1,1,2,0,4,1,1,0
161,1,1,2,1,5,1,1,0
162,1,1,2,2,6,1,2,0
163,1,1,2,3,7,2,2,0
164,1,1,2,4,8,2,2,0
165,1,1,3,0,5,1,1,0
166,1,1,3,1,6,1,2,0
167,1,1,3,2,7,2,2,0
168,1,1,3,3,8,2,2,0
169,1,1,3,4,9,2,3,0
170,1,1,4,0,6,1,2,0
171,1,1,4,1,7,2,2,0
172,1,1,4,2,8,2,2,0
173,1,1,4,3,9,2,3,0
174,1,1,4,4,10,3,3,0
175,1,2,0,0,3,0,1,0
176,1,2,0,1,4,1,1,0
177,1,2,0,2,5,1,1,0
178,1,2,0,3,6,1,2,0
179,1,2,0,4,7,2,2,0
180,1,2,1,0,4,1,1,0
181,1,2,1,1,5,1,1,0
182,1,2,1,2,6,1,2,0
183,1,2,1,3,7,2,2,0
184,1,2,1,4,8,2,2,0
185,1,2,2,0,5,1,1,0
186,1,2,2,1,6,1,2,0
187,1,2,2,2,7,2,2,0
188,1,2,2,3,8,2,2,0
189,1,2,2,4,9,2,3,0
190,1,2,3,0,6,1,2,0
191,1,2,3,1,7,2,2,0
192,1,2,3,2,8,2,2,0
193,1,2,3,3,9,2,3,0
194,1,2,3,4,10,3,3,0
195,1,2,4,0,7,2,2,0
196,1,2,4,1,8,2,2,0
197,1,2,4,2,9,2,3,0
198,1,2,4,3,10,3,3,0
199,1,2,4,4,11,3,3,0
200,1,3,0,0,4,1,1,0
201,1,3,0,1,5,1,1,0
202,1,3,0,2,6,1,2,0
203,1,3,0,3,7,2,2,0
204,1,3,0,4,8,2,2,0
205,1,3,1,0,5,1,1,0
206,1,3,1,1,6,1,2,0
207,1,3,1,2,7,2,2,0
208,1,3,1,3,8,2,2,0
209,1,3,1,4,9,2,3,0
210,1,3,2,0,6,1,2,0
211,1,3,2,1,7,2,2,0
212,1,3,2,2,8,2,2,0
213,1,3,2,3,9,2,3,0
214,1,3,2,4,10,3,3,0
215,1,3,3,0,7,2,2,0
216,1,3,3,1,8,2,2,0
217,1,3,3,2,9,2,3,0
218,1,3,3,3,10,3,3,0
219,1,3,3,4,11,3,3,0
220,1,3,4,0,8,2,2,0
221,1,3,4,1,9,2,3,0
222,1,3,4,2,10,3,3,0
223,1,3,4,3,11,3,3,0
224,1,3,4,4,12,3,3,0
225,1,4,0,0,5,1,1,0
226,1,4,0,1,6,1,2,0
227,1,4,0,2,7,2,2,0
228,1,4,0,3,8,2,2,0
229,1,4,0,4,9,2,3,0
230,1,4,1,0,6,1,2,0
231,1,4,1,1,7,2,2,0
232,1,4,1,2,8,2,2,0
233,1,4,1,3,9,2,3,0
234,1,4,1,4,10,3,3,0
235,1,4,2,0,7,2,2,0
236,1,4,2,1,8,2,2,0
237,1,4,2,2,9,2,3,0
238,1,4,2,3,10,3,3,0
239,1,4,2,4,11,3,3,0
240,1,4,3,0,8,2,2,0
241,1,4,3,1,9,2,3,0
242,1,4,3,2,10,3,3,0
243,1,4,3,3,11,3,3,0
244,1,4,3,4,12,3,3,0
245,1,4,4,0,9,2,3,0
246,1,4,4,1,10,3,3,0
247,1,4,4,2,11,3,3,0
248,1,4,4,3,12,3,3,0
249,1,4,4,4,13,3,3,0
250,2,0,0,0,2,0,0,0
251,2,0,0,1,3,0,1,0
252,2,0,0,2,4,1,1,0
253,2,0,0,3,5,1,1,0
254,2,0,0,4,6,1,2,0
255,2,0,1,0,3,0,1,0
256,2,0,1,1,4,1,1,0
257,2,0,1,2,5,1,1,0
258,2,0,1,3,6,1,2,0
259,2,0,1,4,7,2,2,0
260,2,0,2,0,4,1,1,0
261,2,0,2,1,5,1,1,0
262,2,0,2,2,6,1,2,0
263,2,0,2,3,7,2,2,0
264,2,0,2,4,8,2,2,0
265,2,0,3,0,5,1,1,0
266,2,0,3,1,6,1,2,0
267,2,0,3,2,7,2,2,0
268,2,0,3,3,8,2,2,0
269,2,0,3,4,9,2,3,0
270,2,0,4,0,6,1,2,0
271,2,0,4,1,7,2,2,0
272,2,0,4,2,8,2,2,0
273,2,0,4,3,9,2,3,0
274,2,0,4,4,10,3,3,0
275,2,1,0,0,3,0,1,0
276,2,1,0,1,4,1,1,0
277,2,1,0,2,5,1,1,0
278,2,1,0,3,6,1,2,0
279,2,1,0,4,7,2,2,0
280,2,1,1,0,4,1,1,0
281,2,1,1,1,5,1,1,0
282,2,1,1,2,6,1,2,0
283,2,1,1,3,7,2,2,0
284,2,1,1,4,8,2,2,0
285,2,1,2,0,5,1,1,0
286,2,1,2,1,6,1,2,0
287,2,1,2,2,7,2,2,0
288,2,1,2,3,8,2,2,0
289,2,1,2,4,9,2,3,0
290,2,1,3,0,6,1,2,0
291,2,1,3,1,7,2,2,0
292,2,1,3,2,8,2,2,0
293,2,1,3,3,9,2,3,0
294,2,1,3,4,10,3,3,0
295,2,1,4,0,7,2,2,0
296,2,1,4,1,8,2,2,0
297,2,1,4,2,9,2,3,0
298,2,1,4,3,10,3,3,0
299,2,1,4,4,11,3,3,0
300,2,2,0,0,4,1,1,0
301,2,2,0,1,5,1,1,0
302,2,2,0,2,6,1,2,0
303,2,2,0,3,7,2,2,0
304,2,2,0,4,8,2,2,0
305,2,2,1,0,5,1,1,0
306,2,2,1,1,6,1,2,0
307,2,2,1,2,7,2,2,0
308,2,2,1,3,8,2,2,0
309,2,2,1,4,9,2,3,0
310,2,2,2,0,6,1,2,0
311,2,2,2,1,7,2,2,0
312,2,2,2,2,8,2,2,0
313,2,2,2,3,9,2,3,0
314,2,2,2,4,10,3,3,0
315,2,2,3,0,7,2,2,0
316,2,2,3,1,8,2,2,0
317,2,2,3,2,9,2,3,0
318,2,2,3,3,10,3,3,0
319,2,2,3,4,11,3,3,0
320,2,2,4,0,8,2,2,0
321,2,2,4,1,9,2,3,0
322,2,2,4,2,10,3,3,0
323,2,2,4,3,11,3,3,0
324,2,2,4,4,12,3,3,0
325,2,3,0,0,5,1,1,0
326,2,3,0,1,6,1,2,0
327,2,3,0,2,7,2,2,0
328,2,3,0,3,8,2,2,0
329,2,3,0,4,9,2,3,0
330,2,3,1,0,6,1,2,0
331,2,3,1,1,7,2,2,0
332,2,3,1,2,8,2,2,0
333,2,3,1,3,9,2,3,0
334,2,3,1,4,10,3,3,0
335,2,3,2,0,7,2,2,0
336,2,3,2,1,8,2,2,0
337,2,3,2,2,9,2,3,0
338,2,3,2,3,10,3,3,0
339,2,3,2,4,11,3,3,0
340,2,3,3,0,8,2,2,0
341,2,3,3,1,9,2,3,0
342,2,3,3,2,10,3,3,0
343,2,3,3,3,11,3,3,0
344,2,3,3,4,12,3,3,0
345,2,3,4,0,9,2,3,0
346,2,3,4,1,10,3,3,0
347,2,3,4,2,11,3,3,0
348,2,3,4,3,12,3,3,0
349,2,3,4,4,13,3,3,0
350,2,4,0,0,6,1,2,0
351,2,4,0,1,7,2,2,0
352,2,4,0,2,8,2,2,0
353,2,4,0,3,9,2,3,0
354,2,4,0,4,10,3,3,0
355,2,4,1,0,7,2,2,0
356,2,4,1,1,8,2,2,0
357,2,4,1,2,9,2,3,0
358,2,4,1,3,10,3,3,0
359,2,4,1,4,11,3,3,0
360,2,4,2,0,8,2,2,0
361,2,4,2,1,9,2,3,0
362,2,4,2,2,10,3,3,0
363,2,4,2,3,11,3,3,0
364,2,4,2,4,12,3,3,0
365,2,4,3,0,9,2,3,0
366,2,4,3,1,10,3,3,0
367,2,4,3,2,11,3,3,0
368,2,4,3,3,12,3,3,0
369,2,4,3,4,13,3,3,0
370,2,4,4,0,10,3,3,0
371,2,4,4,1,11,3,3,0
372,2,4,4,2,12,3,3,0
373,2,4,4,3,13,3,3,0
374,2,4,4,4,14,3,3,0
375,3,0,0,0,3,0,1,0
376,3,0,0,1,4,1,1,0
377,3,0,0,2,5,1,1,0
378,3,0,0,3,6,1,2,0
379,3,0,0,4,7,2,2,0
380,3,0,1,0,4,1,1,0
381,3,0,1,1,5,1,1,0
382,3,0,1,2,6,1,2,0
383,3,0,1,3,7,2,2,0
384,3,0,1,4,8,2,2,0
385,3,0,2,0,5,1,1,0
386,3,0,2,1,6,1,2,0
387,3,0,2,2,7,2,2,0
388,3,0,2,3,8,2,2,0
389,3,0,2,4,9,2,3,0
390,3,0,3,0,6,1,2,0
391,3,0,3,1,7,2,2,0
392,3,0,3,2,8,2,2,0
393,3,0,3,3,9,2,3,0
394,3,0,3,4,10,3,3,0
395,3,0,4,0,7,2,2,0
396,3,0,4,1,8,2,2,0
397,3,0,4,2,9,2,3,0
398,3,0,4,3,10,3,3,0
399,3,0,4,4,11,3,3,0
400,3,1,0,0,4,1,1,0
401,3,1,0,1,5,1,1,0
402,3,1,0,2,6,1,2,0
403,3,1,0,3,7,2,2,0
404,3,1,0,4,8,2,2,0
405,3,1,1,0,5,1,1,0
406,3,1,1,1,6,1,2,0
407,3,1,1,2,7,2,2,0
408,3,1,1,3,8,2,2,0
409,3,1,1,4,9,2,3,0
410,3,1,2,0,6,1,2,0
411,3,1,2,1,7,2,2,0
412,3,1,2,2,8,2,2,0
413,3,1,2,3,9,2,3,0
414,3,1,2,4,10,3,3,0
415,3,1,3,0,7,2,2,0
416,3,1,3,1,8,2,2,0
417,3,1,3,2,9,2,3,0
418,3,1,3,3,10,3,3,0
419,3,1,3,4,11,3,3,0
420,3,1,4,0,8,2,2,0
421,3,1,4,1,9,2,3,0
422,3,1,4,2,10,3,3,0
423,3,1,4,3,11,3,3,0
424,3,1,4,4,12,3,3,0
425,3,2,0,0,5,1,1,0
426,3,2,0,1,6,1,2,0
427,3,2,0,2,7,2,2,0
428,3,2,0,3,8,2,2,0
429,3,2,0,4,9,2,3,0
430,3,2,1,0,6,1,2,0
431,3,2,1,1,7,2,2,0
432,3,2,1,2,8,2,2,0
433,3,2,1,3,9,2,3,0
434,3,2,1,4,10,3,3,0
435,3,2,2,0,7,2,2,0
436,3,2,2,1,8,2,2,0
437,3,2,2,2,9,2,3,0
438,3,2,2,3,10,3,3,0
439,3,2,2,4,11,3,3,0
440,3,2,3,0,8,2,2,0
441,3,2,3,1,9,2,3,0
442,3,2,3,2,10,3,3,0
443,3,2,3,3,11,3,3,0
444,3,2,3,4,12,3,3,0
445,3,2,4,0,9,2,3,0
446,3,2,4,1,10,3,3,0
447,3,2,4,2,11,3,3,0
448,3,2,4,3,12,3,3,0
449,3,2,4,4,13,3,3,0
450,3,3,0,0,6,1,2,0
451,3,3,0,1,7,2,2,0
452,3,3,0,2,8,2,2,0
453,3,3,0,3,9,2,3,0
454,3,3,0,4,10,3,3,0
455,3,3,1,0,7,2,2,0
456,3,3,1,1,8,2,2,0
457,3,3,1,2,9,2,3,0
458,3,3,1,3,10,3,3,0
459,3,3,1,4,11,3,3,0
460,3,3,2,0,8,2,2,0
461,3,3,2,1,9,2,3,0
462,3,3,2,2,10,3,3,0
463,3,3,2,3,11,3,3,0
464,3,3,2,4,12,3,3,0
465,3,3,3,0,9,2,3,0
466,3,3,3,1,10,3,3,0
467,3,3,3,2,11,3,3,0
468,3,3,3,3,12,3,3,0
469,3,3,3,4,13,3,3,0
470,3,3,4,0,10,3,3,0
471,3,3,4,1,11,3,3,0
472,3,3,4,2,12,3,3,0
473,3,3,4,3,13,3,3,0
474,3,3,4,4,14,3,3,0
475,3,4,0,0,7,2,2,0
476,3,4,0,1,8,2,2,0
477,3,4,0,2,9,2,3,0
478,3,4,0,3,10,3,3,0
479,3,4,0,4,11,3,3,0
480,3,4,1,0,8,2,2,0
481,3,4,1,1,9,2,3,0
482,3,4,1,2,10,3,3,0
483,3,4,1,3,11,3,3,0
484,3,4,1,4,12,3,3,0
485,3,4,2,0,9,2,3,0
486,3,4,2,1,10,3,3,0
487,3,4,2,2,11,3,3,0
488,3,4,2,3,12,3,3,0
489,3,4,2,4,13,3,3,0
490,3,4,3,0,10,3,3,0
491,3,4,3,1,11,3,3,0
492,3,4,3,2,12,3,3,0
493,3,4,3,3,13,3,3,0
494,3,4,3,4,14,3,3,0
495,3,4,4,0,11,3,3,0
496,3,4,4,1,12,3,3,0
497,3,4,4,2,13,3,3,0
498,3,4,4,3,14,3,3,0
499,3,4,4,4,15,3,3,0
500,4,0,0,0,4,1,1,0
501,4,0,0,1,5,1,1,0
502,4,0,0,2,6,1,2,0
503,4,0,0,3,7,2,2,0
504,4,0,0,4,8,2,2,0
505,4,0,1,0,5,1,1,0
506,4,0,1,1,6,1,2,0
507,4,0,1,2,7,2,2,0
508,4,0,1,3,8,2,2,0
509,4,0,1,4,9,2,3,0
510,4,0,2,0,6,1,2,1
511,4,0,2,1,7,2,2,1
512,4,0,2,2,8,2,2,1
513,4,0,2,3,9,2,3,1
514,4,0,2,4,10,3,3,1
515,4,0,3,0,7,2,2,1
516,4,0,3,1,8,2,2,1
517,4,0,3,2,9,2,3,1
518,4,0,3,3,10,3,3,1
519,4,0,3,4,11,3,3,1
520,4,0,4,0,8,2,2,1
521,4,0,4,1,9,2,3,1
522,4,0,4,2,10,3,3,1
523,4,0,4,3,11,3,3,1
524,4,0,4,4,12,3,3,1
525,4,1,0,0,5,1,1,0
526,4,1,0,1,6,1,2,0
527,4,1,0,2,7,2,2,0
528,4,1,0,3,8,2,2,0
529,4,1,0,4,9,2,3,0
530,4,1,1,0,6,1,2,0
531,4,1,1,1,7,2,2,0
532,4,1,1,2,8,2,2,0
533,4,1,1,3,9,2,3,0
534,4,1,1,4,10,3,3,0
535,4,1,2,0,7,2,2,1
536,4,1,2,1,8,2,2,1
537,4,1,2,2,9,2,3,1
538,4,1,2,3,10,3,3,1
539,4,1,2,4,11,3,3,1
540,4,1,3,0,8,2,2,1
541,4,1,3,1,9,2,3,1
542,4,1,3,2,10,3,3,1
543,4,1,3,3,11,3,3,1
544,4,1,3,4,12,3,3,1
545,4,1,4,0,9,2,3,1
546,4,1,4,1,10,3,3,1
547,4,1,4,2,11,3,3,1
548,4,1,4,3,12,3,3,1
549,4,1,4,4,13,3,3,1
550,4,2,0,0,6,1,2,1
551,4,2,0,1,7,2,2,1
552,4,2,0,2,8,2,2,1
553,4,2,0,3,9,2,3,1
554,4,2,0,4,10,3,3,1
555,4,2,1,0,7,2,2,1
556,4,2,1,1,8,2,2,1
557,4,2,1,2,9,2,3,1
558,4,2,1,3,10,3,3,1
559,4,2,1,4,11,3,3,1
560,4,2,2,0,8,2,2,1
561,4,2,2,1,9,2,3,1
562,4,2,2,2,10,3,3,1
563,4,2,2,3,11,3,3,1
564,4,2,2,4,12,3,3,1
565,4,2,3,0,9,2,3,1
566,4,2,3,1,10,3,3,1
567,4,2,3,2,11,3,3,1
568,4,2,3,3,12,3,3,1
569,4,2,3,4,13,3,3,1
570,4,2,4,0,10,3,3,1
571,4,2,4,1,11,3,3,1
572,4,2,4,2,12,3,3,1
573,4,2,4,3,13,3,3,1
574,4,2,4,4,14,3,3,1
575,4,3,0,0,7,2,2,1
576,4,3,0,1,8,2,2,1
577,4,3,0,2,9,2,3,1
578,4,3,0,3,10,3,3,1
579,4,3,0,4,11,3,3,1
580,4,3,1,0,8,2,2,1
581,4,3,1,1,9,2,3,1
582,4,3,1,2,10,3,3,1
583,4,3,1,3,11,3,3,1
584,4,3,1,4,12,3,3,1
585,4,3,2,0,9,2,3,1
586,4,3,2,1,10,3,3,1
587,4,3,2,2,11,3,3,1
588,4,3,2,3,12,3,3,1
589,4,3,2,4,13,3,3,1
590,4,3,3,0,10,3,3,1
591,4,3,3,1,11,3,3,1
592,4,3,3,2,12,3,3,1
593,4,3,3,3,13,3,3,1
594,4,3,3,4,14,3,3,1
595,4,3,4,0,11,3,3,1
596,4,3,4,1,12,3,3,1
597,4,3,4,2,13,3,3,1
598,4,3,4,3,14,3,3,1
599,4,3,4,4,15,3,3,1
600,4,4,0,0,8,2,2,1
601,4,4,0,1,9,2,3,1
602,4,4,0,2,10,3,3,1
603,4,4,0,3,11,3,3,1
604,4,4,0,4,12,3,3,1
605,4,4,1,0,9,2,3,1
606,4,4,1,1,10,3,3,1
607,4,4,1,2,11,3,3,1
608,4,4,1,3,12,3,3,1
609,4,4,1,4,13,3,3,1
610,4,4,2,0,10,3,3,1
611,4,4,2,1,11,3,3,1
612,4,4,2,2,12,3,3,1
613,4,4,2,3,13,3,3,1
614,4,4,2,4,14,3,3,1
615,4,4,3,0,11,3,3,1
616,4,4,3,1,12,3,3,1
617,4,4,3,2,13,3,3,1
618,4,4,3,3,14,3,3,1
619,4,4,3,4,15,3,3,1
620,4,4,4,0,12,3,3,1
621,4,4,4,1,13,3,3,1
622,4,4,4,2,14,3,3,1
623,4,4,4,3,15,3,3,1
624,4,4,4,4,16,3,3,1
