profile,raw_hex,encoded_hex,model_id,accept_ns,parallel_valid_ns,folded_valid_ns,parallel_class,folded_class,parallel_cycles,folded_cycles
  normal,0000,0000,1,92,192,512,0,0,5,21
  normal,0111,0111,1,592,692,1012,0,0,5,21
  normal,0222,0333,1,1092,1192,1512,1,1,5,21
  normal,0233,0377,1,1592,1692,2012,2,2,5,21
  normal,2233,3377,1,2092,2192,2512,3,3,5,21
  normal,0024,003f,1,2592,2692,3012,1,1,5,21
cautious,0000,0000,2,3152,3252,3572,0,0,5,21
cautious,0111,0111,2,3652,3752,4072,1,1,5,21
cautious,0222,0333,2,4152,4252,4572,2,2,5,21
cautious,0233,0377,2,4652,4752,5072,2,2,5,21
cautious,2233,3377,2,5152,5252,5572,3,3,5,21
cautious,0024,003f,2,5652,5752,6072,2,2,5,21
